{"cameraMode":{"drawMode":0,"name":"Shaded","section":"Shading Mode"},"sceneLighting":true,"audioPlay":false,"sceneViewState":{"m_AlwaysRefresh":false,"showFog":true,"showSkybox":true,"showFlares":true,"showImageEffects":true,"showParticleSystems":true,"showVisualEffectGraphs":true,"m_FxEnabled":true},"in2DMode":false,"pivot":{"x":-604.9299926757813,"y":48.24711990356445,"z":-284.77520751953127},"rotation":{"x":-0.0001501149672549218,"y":-0.6317570805549622,"z":-0.0007664032746106386,"w":0.7756136655807495},"size":90.5196762084961,"orthographic":false}