{"cameraMode":{"drawMode":0,"name":"Shaded","section":"Shading Mode"},"sceneLighting":true,"audioPlay":false,"sceneViewState":{"m_AlwaysRefresh":false,"showFog":true,"showSkybox":true,"showFlares":true,"showImageEffects":true,"showParticleSystems":true,"showVisualEffectGraphs":true,"m_FxEnabled":true},"in2DMode":false,"pivot":{"x":-435.45001220703127,"y":35.61000061035156,"z":-320.08001708984377},"rotation":{"x":0.052743904292583469,"y":-0.9372684955596924,"z":0.3091711103916168,"w":0.15451285243034364},"size":10.08491325378418,"orthographic":false}